lag,AIC(n),HQ(n),SC(n),FPE(n),regressors_per_equation,effective_observations,observation_to_regressor_ratio
1,-71.90499839877803,-70.97017468275422,-69.60454742046883,5.935205146425551e-32,11,144,13.090909090909092
2,-71.73849656053854,-69.95383310267486,-67.34672651103914,7.145972673160634e-32,21,143,6.809523809523809
3,-71.46672573478621,-68.83222253508269,-64.98363661409661,9.86482333118782e-32,31,142,4.580645161290323
4,-71.3522442645501,-67.86790132300675,-62.77783607267032,1.2222040073489003e-31,41,141,3.4390243902439024
